Season,Tm,FG,FGA,FG%,3P,3PA,3P%,FT,FTA,FT%,ORB,DRB,TRB,AST,STL,BLK,TOV,PF,PTS
2009-10,SAC,38.3,84.1,0.456,5.9,16.9,0.349,17.4,24,0.726,11.9,30.7,42.6,20.5,6.9,4.5,15,22.3,100
2009-10,LAL,38.3,83.8,0.457,6.5,19,0.341,18.5,24.2,0.765,11.9,32.5,44.3,21.1,7.5,4.9,13.4,19.4,101.7
2009-10,LAC,36.6,80.5,0.455,5.9,17.8,0.332,16.6,22.8,0.73,11.3,30.5,41.8,22.1,6.5,5.7,15.7,19.3,95.7
2009-10,DAL,38.3,82.4,0.464,6.8,18.3,0.372,18.6,22.8,0.816,10.2,31.5,41.7,23.4,7.6,5.5,12.9,19.1,102
2009-10,OKC,37.4,80.8,0.462,5.1,15,0.34,21.7,27,0.805,11.7,31.8,43.5,20,8,5.9,15,21.3,101.5
2009-10,POR,36.3,78.7,0.461,6,16.9,0.354,19.6,24.8,0.79,11.1,29.1,40.2,20.4,6.4,4.3,12.3,20.9,98.1
2009-10,GSW,40.6,86.5,0.469,7.7,20.6,0.375,19.9,25.4,0.782,9.2,29.2,38.4,22.4,9.3,4.1,14.7,23,108.8
2009-10,PHO,40.7,82.8,0.492,8.9,21.6,0.412,19.9,25.8,0.77,11.1,31.9,43,23.3,5.8,5.1,14.8,20.9,110.2
2009-10,MIN,37.9,84.4,0.449,4.9,14.4,0.341,17.5,23.5,0.746,11.7,31.2,42.9,19.8,7.3,3.7,16.3,20.7,98.2
2009-10,NOP,38.8,83.4,0.464,7,19.2,0.363,15.8,20.3,0.778,10.4,29.9,40.3,22.3,7.6,3.7,13.5,19.6,100.2
2009-10,UTA,39.4,80.2,0.491,5.4,14.7,0.364,20.2,27.2,0.741,10.6,31.6,42.2,26.7,8.2,4.9,15.2,22.7,104.2
2009-10,DEN,38.1,81.4,0.468,6.6,18.5,0.359,23.6,30.6,0.772,10.8,30.5,41.4,21,8.3,5.1,13.9,22.5,106.5
2009-10,MEM,39.3,83.8,0.469,4.2,12.4,0.337,19.7,26.9,0.733,13,30.4,43.5,18.8,7.9,4.9,15.2,20.2,102.5
2009-10,SAS,38.4,81.2,0.473,6.8,18.9,0.358,17.8,24,0.74,10.8,32,42.8,22.3,6.3,4.6,13.6,20.4,101.4
2009-10,HOU,37.7,84.4,0.447,7.9,22.4,0.351,19,24.7,0.772,11.8,30.1,42,21.8,7.1,3.9,14.5,20.9,102.4
2009-10,BRK,34.3,79.9,0.429,4.6,14.5,0.318,19.2,24.6,0.78,10.9,28.8,39.7,18.8,7,4.8,14.4,20,92.4
2009-10,PHI,37.6,81.8,0.46,5.8,16.8,0.343,16.7,22,0.756,11.5,29.5,41,21,8.1,5.4,14.5,20.5,97.7
2009-10,NYK,38.1,83.9,0.455,9.1,26.2,0.346,16.8,21.5,0.782,10.2,30.2,40.4,21.6,7.1,3.7,14,20,102.1
2009-10,TOR,39,80.9,0.482,6.3,17,0.371,19.7,25.8,0.764,9.8,30.6,40.4,22,5.7,4.7,13.4,22.2,104.1
2009-10,MIL,37.2,85.3,0.436,7.9,22.1,0.356,15.4,20.4,0.755,11.8,31.2,43,21.2,7.1,4.7,13.2,22.2,97.7
2009-10,BOS,37.1,76.8,0.483,6.1,17.5,0.348,19,25.5,0.746,8.7,29.9,38.6,23.5,8.5,4.9,14.9,22.1,99.2
2009-10,CLE,37.8,77.9,0.485,7.3,19.3,0.381,19.1,26.6,0.72,9.6,32.8,42.5,22.4,6.9,5.2,13.9,19.4,102.1
2009-10,IND,36.8,83.2,0.443,8,23.1,0.348,19.1,24.6,0.775,9.6,31.9,41.5,21.1,7.1,5.4,15,22.5,100.8
2009-10,CHI,37.6,83.2,0.451,4.3,13,0.33,18,23.9,0.754,11.4,33.1,44.5,20.8,6.5,5.8,14.3,20.1,97.5
2009-10,DET,35.9,80.5,0.445,4.6,14.5,0.314,17.7,24.4,0.728,12.8,27.3,40.2,19.4,7.3,3.8,13.4,22.2,94
2009-10,MIA,36.4,79.5,0.458,6,17.4,0.346,17.7,23.5,0.752,10.7,31.1,41.8,18.9,7.4,5.6,13.2,20.9,96.5
2009-10,ATL,38.8,82.9,0.468,6.4,17.7,0.36,17.7,23.3,0.759,11.8,29.9,41.7,21.8,7.2,5,12,19.9,101.7
2009-10,ORL,36.6,78,0.47,10.3,27.3,0.375,19.2,26.5,0.724,9.9,33.4,43.2,19.7,6.2,5.6,14.1,19.9,102.8
2009-10,CHO,34.9,76.9,0.453,5.6,16.2,0.346,20,26.6,0.751,10.5,30.4,40.8,20.2,7.7,5.4,15.7,19.5,95.3
2009-10,WAS,36.7,81.7,0.449,5.3,14.9,0.353,17.6,23.1,0.762,11.8,30,41.8,19,6,5.1,14.9,21.4,96.2
2010-11,SAC,38.2,85.1,0.449,5.2,15.6,0.335,17.7,24.2,0.734,13.1,30.8,43.9,20.4,7.4,4.8,16.1,22,99.4
2010-11,LAL,38.1,82.4,0.463,6.4,18.1,0.352,18.8,24.1,0.779,12.1,31.9,44,22,7.3,5.1,13.1,19,101.5
2010-11,LAC,36.8,80.4,0.457,6.3,18.5,0.338,18.9,26.7,0.707,11.6,30.5,42.1,22.1,7.1,4.9,16.4,21.1,98.6
2010-11,DAL,37.4,78.8,0.475,7.9,21.6,0.365,17.5,22.6,0.777,9.5,31.9,41.4,23.8,6.8,4.3,14,19.2,100.2
2010-11,OKC,37.4,80.6,0.464,5.9,17.1,0.347,24.1,29.3,0.823,11,31.8,42.8,20.4,8,5.9,14.1,22.4,104.8
2010-11,POR,36,80.5,0.447,6.3,18.3,0.345,18,22.4,0.804,12.1,27.2,39.3,21.2,8,4.4,13,19.3,96.3
2010-11,GSW,39.6,85.9,0.461,8.4,21.3,0.392,15.7,20.7,0.761,11.6,28.9,40.5,22.5,9,5,14.6,22,103.4
2010-11,PHO,39.3,83.5,0.47,8.5,22.6,0.377,18,23.6,0.759,10,30.2,40.2,23.7,6.6,4.4,14.3,20.3,105
2010-11,MIN,37.7,85.5,0.441,7.2,19.1,0.376,18.5,24.1,0.768,13.2,31.2,44.4,20.1,7.2,5.1,17,22.3,101.1
2010-11,NOP,35.9,78.2,0.459,5.4,15,0.36,17.7,23.1,0.765,10,30.1,40.1,20.6,7.6,4.4,13,21,94.9
2010-11,UTA,37.4,80.4,0.465,5.3,15.3,0.346,19.4,25.1,0.771,11,28.5,39.5,23.4,7.7,5.9,14.3,22.7,99.4
2010-11,DEN,38.4,80.6,0.476,8.1,20.8,0.388,22.7,29.6,0.765,9.6,32.3,42,22.1,7.4,4.3,14.1,21,107.5
2010-11,MEM,39,82.9,0.471,3.8,11.3,0.334,18.1,24.2,0.75,11.8,29.2,41,20.6,9.4,5.4,14,20.8,99.9
2010-11,SAS,38.4,80.8,0.475,8.4,21.1,0.397,18.5,24.2,0.767,10.1,31.7,41.9,22.4,7.3,4.5,13.4,19,103.7
2010-11,HOU,38.7,85.1,0.454,8.3,22.5,0.367,20.3,25.4,0.801,11.7,31.1,42.8,23.8,7.1,4.5,13.5,20,105.9
2010-11,BRK,35.6,81,0.44,5.6,16.3,0.343,17.4,22.9,0.759,11.1,29.8,40.8,21,5.6,4.7,14,22,94.2
2010-11,PHI,38.1,82.6,0.461,5.4,15.2,0.355,17.4,22.6,0.77,10.4,31.4,41.8,22.7,7.6,4.3,13,19.4,99
2010-11,NYK,38.3,83.7,0.457,9.3,25.4,0.368,20.6,25.5,0.809,10.3,30.1,40.5,21.4,7.6,5.8,13.7,21.3,106.5
2010-11,TOR,38.3,82.4,0.465,4.2,13.3,0.316,18.2,24.1,0.755,11.7,28.6,40.3,21.9,7.1,4.3,14.7,22,99.1
2010-11,MIL,34.3,79.8,0.43,5.9,17.2,0.342,17.4,22.9,0.757,10.5,30.2,40.8,18.8,7.5,4.9,13.5,20.5,91.9
2010-11,BOS,36.9,75.8,0.486,5,13.6,0.365,17.8,23.1,0.77,7.8,31,38.8,23.4,8.2,4.2,14.6,20.5,96.5
2010-11,CLE,35.2,81.1,0.434,6.2,18.2,0.342,18.9,25.3,0.745,10.4,29.9,40.3,21,6.6,4.2,14.2,20.1,95.5
2010-11,IND,36.6,82.8,0.442,7.1,20.2,0.354,19.4,24.8,0.782,11.1,32.4,43.5,19.6,7.1,5.6,15.4,21.7,99.8
2010-11,CHI,37.1,80.3,0.462,6.2,17.3,0.361,18.2,24.5,0.743,11.8,32.4,44.2,22.3,7.2,5.7,14.2,20,98.6
2010-11,DET,37.3,81.1,0.46,5.8,15.3,0.376,16.7,22.6,0.737,11.4,27.3,38.6,21.1,7.3,4,13,19.9,97
2010-11,MIA,37,76.8,0.481,6.7,18,0.37,21.5,27.9,0.769,9.6,32.5,42.1,20,6.6,5.2,13.9,20.4,102.1
2010-11,ATL,36.2,78.4,0.462,6.1,17.4,0.352,16.4,21.1,0.779,9.3,30,39.3,22,6.1,4.2,13.6,19,95
2010-11,ORL,36,78.2,0.461,9.4,25.6,0.366,17.7,25.6,0.692,10.5,32.7,43.2,20,6.7,4.7,14.9,20,99.2
2010-11,CHO,35,77.6,0.451,4.8,14.7,0.327,18.4,24.4,0.756,10.3,29.8,40.1,21.1,6.4,5.3,14.5,20,93.3
2010-11,WAS,37.2,84,0.443,4.8,14.4,0.332,18.2,24.4,0.745,12.4,29,41.3,19.4,8.1,6.1,15.3,22.6,97.3
2011-12,SAC,37.7,86.5,0.436,6.2,19.7,0.316,17.1,23.2,0.736,13.4,29.5,42.9,19.3,8.5,4.9,14.4,19.5,98.8
2011-12,LAL,36.8,80.6,0.457,5.5,16.8,0.326,18.2,24.1,0.756,12.1,34.1,46.2,22.5,5.9,5.3,15.1,16.8,97.3
2011-12,LAC,37,81.3,0.455,7.8,21.8,0.357,15.8,23.3,0.68,12.1,29.4,41.6,21,8.4,4.8,13.3,21.2,97.5
2011-12,DAL,36.3,82,0.443,7.5,22.2,0.339,15.6,20.2,0.771,10.1,32.7,42.8,20.9,8.6,5.1,14,18.6,95.8
2011-12,OKC,37.3,79.2,0.471,7.2,20,0.358,21.3,26.4,0.806,11,32.7,43.7,18.5,7.5,8.2,16.3,20.5,103.1
2011-12,POR,36.4,82.1,0.443,7.2,20.9,0.346,17.2,21.6,0.796,11.1,29.5,40.7,20.4,8,4.9,14.2,19,97.2
2011-12,GSW,37.7,82.5,0.457,7.9,20.5,0.388,14.4,18.7,0.77,9.7,29.5,39.2,22.3,8,5.5,13.9,21.4,97.8
2011-12,PHO,37.8,82.5,0.458,6.7,19.6,0.343,16,21.2,0.757,10.9,30.8,41.7,22.5,6.5,5.5,14.1,18.7,98.4
2011-12,MIN,35.7,82.3,0.433,7.2,21.6,0.332,19.4,25.2,0.771,12.1,31.7,43.7,19.5,6.6,4.4,15.2,18.4,97.9
2011-12,NOP,34.8,77.3,0.451,3.9,11.8,0.333,16,21.2,0.757,11,30.2,41.1,20.7,7.4,4.8,15.5,20.1,89.6
2011-12,UTA,38.2,83.8,0.456,4.1,12.8,0.323,19.1,25.3,0.754,13,31.1,44.2,21.8,8.3,5.8,14.2,21.8,99.7
2011-12,DEN,39,81.9,0.476,6.6,19.9,0.332,19.6,26.7,0.735,11.2,31.9,43.1,24,8.2,5,15.4,19.7,104.1
2011-12,MEM,36.7,82.2,0.447,4.2,12.9,0.326,17.3,22.8,0.759,12.6,29.5,42,19.5,9.6,5.2,14.5,19.9,95
2011-12,SAS,39.6,82.8,0.478,8.4,21.3,0.393,16.2,21.6,0.748,10.3,32.6,43,23.2,7.4,4.4,13.6,17.3,103.7
2011-12,HOU,37.7,84,0.449,7.2,20.2,0.359,15.4,19.7,0.782,11.7,30.5,42.2,21.3,7.5,4.8,14.5,20.4,98.1
2011-12,BRK,34.3,80.6,0.425,7.7,22.4,0.342,16.9,21.7,0.777,11.9,28.5,40.3,19.9,7.5,3.9,15.1,19.2,93.1
2011-12,PHI,37.4,83.6,0.448,5.3,14.6,0.362,13.5,18.2,0.742,10.7,32.5,43.2,22,8,5.2,11.2,17.5,93.6
2011-12,NYK,35.8,80.8,0.443,7.8,23.3,0.336,18.3,24.8,0.741,11.3,30.5,41.7,20.1,9.4,4.2,16,21.1,97.8
2011-12,TOR,34.4,78.1,0.44,5.5,16.3,0.34,16.4,21.4,0.77,10.6,31.4,42,20.9,6.5,4.9,15.2,23.2,90.7
2011-12,MIL,37.9,85.6,0.443,6.6,19.2,0.345,16.6,21.4,0.774,12.4,30,42.5,23.5,8.3,5.1,14.1,19.3,99
2011-12,BOS,35.5,77.1,0.46,5.5,15,0.367,15.4,19.8,0.778,7.7,31.1,38.8,23.6,7.5,5.5,14.8,19.9,91.8
2011-12,CLE,34.3,81.2,0.422,6.7,19.3,0.346,17.8,24.9,0.716,12.7,29.5,42.3,19.8,7.1,4,15.4,20,93
2011-12,IND,35.7,81.4,0.438,5.9,16.1,0.368,20.4,26.1,0.782,12.5,31.4,43.9,18.6,7.9,5.4,14,21.7,97.7
2011-12,CHI,37.4,82.8,0.452,6.3,16.9,0.375,15.2,21.1,0.722,13.9,32.8,46.7,23.1,6.9,5.9,14,17.3,96.3
2011-12,DET,34.7,79.3,0.438,4.8,13.9,0.346,16.6,22.1,0.752,11.7,28.5,40.3,18.7,7,4.2,15.7,19.6,90.9
2011-12,MIA,37.1,79,0.469,5.6,15.6,0.359,18.8,24.2,0.775,10.4,31.2,41.6,20,8.9,5.4,15.2,19.4,98.5
2011-12,ATL,36.8,81,0.454,7.5,20.2,0.37,15.5,21,0.74,9.9,31.3,41.2,22.4,8.1,4.6,14,17.8,96.6
2011-12,ORL,34.5,78.2,0.441,10.2,27,0.375,15.1,22.8,0.66,11.2,31.2,42.5,20,6.8,4.2,14.9,17.7,94.2
2011-12,CHO,33.2,80.2,0.414,4,13.5,0.295,16.5,22.2,0.746,10.3,28.7,39,20.1,6,5.5,14.5,18.9,87
2011-12,WAS,36.6,83,0.441,5.2,16.3,0.32,15.3,21,0.727,11.7,29.9,41.7,19.1,8,6.3,15.3,21.3,93.6
2012-13,SAC,37.6,84.2,0.447,7.4,20.5,0.363,17.5,22.8,0.769,11.5,29.1,40.6,20.8,8.2,4.2,14.6,20.9,100.2
2012-13,LAL,37.1,81,0.458,8.7,24.6,0.355,19.3,27.9,0.692,11.5,33.3,44.8,22.2,7,5.2,15,17.9,102.2
2012-13,LAC,38.5,80.6,0.478,7.6,21.4,0.358,16.4,23,0.711,11.4,30.2,41.6,23.9,9.6,5.6,14.6,20.9,101.1
2012-13,DAL,38.8,84,0.462,7.4,19.9,0.372,16.1,20.4,0.793,9.4,32.6,41.9,23.2,7.9,5.5,14,20.7,101.1
2012-13,OKC,38.1,79.3,0.481,7.3,19.4,0.377,22.2,26.8,0.828,10.4,33.2,43.6,21.4,8.3,7.6,15.3,20.2,105.7
2012-13,POR,36.7,81.9,0.448,8.2,23.2,0.353,15.9,20.5,0.776,10.7,30.2,40.8,21.8,6.6,4.3,14.7,18.5,97.5
2012-13,GSW,38.2,83.4,0.458,8,19.9,0.403,16.8,21.3,0.79,10.8,34.2,45,22.5,6.9,4.2,15.1,21.4,101.2
2012-13,PHO,37.3,84.4,0.443,5.9,17.7,0.33,14.7,19.7,0.744,11.7,29.9,41.6,22.6,8,5.3,15.6,20.6,95.2
2012-13,MIN,35.9,81.7,0.439,5.5,18,0.305,18.5,24.9,0.742,11.9,30.2,42,22.4,8.5,4.7,14.8,18.4,95.7
2012-13,NOP,36,80.4,0.448,6.5,18,0.363,15.5,20,0.776,12,29.6,41.6,21,6.3,5.4,14.5,20.4,94.1
2012-13,UTA,37.1,81.8,0.454,6.2,16.9,0.366,17.5,23,0.764,12.1,30,42,22.7,8.4,6.3,14.8,21.3,98
2012-13,DEN,40.7,85.2,0.478,6.4,18.5,0.343,18.4,26.2,0.701,13.3,31.7,45,24.4,9.3,6.5,15.3,20.5,106.1
2012-13,MEM,36.1,81.5,0.444,4.7,13.5,0.345,16.5,21.3,0.773,12.9,29.8,42.7,20.9,8.6,5.3,14,20.2,93.4
2012-13,SAS,39.1,81.4,0.481,8.1,21.5,0.376,16.6,21,0.791,8.1,33.2,41.3,25.1,8.5,5.4,14.7,17.4,103
2012-13,HOU,38.1,82.7,0.461,10.6,28.9,0.366,19.2,25.5,0.754,11.1,32.3,43.4,23.2,8.3,4.4,16.4,20.3,106
2012-13,BRK,35.9,79.8,0.45,7.7,21.5,0.357,17.5,23.9,0.731,12.8,30,42.8,20.3,7.3,4.8,14.7,18.3,96.9
2012-13,PHI,37.3,84.1,0.444,6.3,17.5,0.36,12.2,16.8,0.729,10.9,30.4,41.3,22.8,7.4,4.7,13,18.4,93.2
2012-13,NYK,36.5,81.6,0.448,10.9,28.9,0.376,16,21.1,0.759,10.9,29.7,40.6,19.3,8.2,3.6,12,20.1,100
2012-13,TOR,36.3,81.5,0.446,7,20.3,0.343,17.6,22.3,0.788,10.6,29.6,40.2,21.5,7.3,4.8,13.7,22.4,97.2
2012-13,MIL,38.1,87.8,0.435,7.3,20.4,0.36,15.3,20.7,0.736,13,30.9,44,22.9,8.4,6.7,14.1,19,98.9
2012-13,BOS,37,79.7,0.465,6.1,17.2,0.358,16.3,21,0.776,8.1,31.3,39.3,22.8,8.2,4.5,14.6,21.2,96.5
2012-13,CLE,36.5,84.2,0.434,6.7,19.3,0.346,16.8,22.3,0.756,12.2,28.8,41,20.7,7.9,4.1,14,21.2,96.5
2012-13,IND,35.1,80.6,0.436,6.9,19.7,0.347,17.6,23.6,0.746,12.9,33,45.9,20.3,7.2,6.3,15.1,20,94.7
2012-13,CHI,35.7,81.7,0.437,5.4,15.4,0.353,16.4,21.2,0.773,12.5,30.7,43.2,23,7.2,5.1,14.3,19.7,93.2
2012-13,DET,36.3,81,0.449,6.3,17.6,0.356,15.9,22.8,0.699,12.1,30,42.1,21.2,7,4.9,15.1,19.8,94.9
2012-13,MIA,38.4,77.4,0.496,8.7,22.1,0.396,17.4,23,0.754,8.2,30.4,38.6,23,8.7,5.4,13.9,18.7,102.9
2012-13,ATL,37.6,81,0.464,8.6,23.2,0.371,14.1,19.7,0.715,9.2,31.6,40.9,24.5,8.1,4.5,14.9,18,98
2012-13,ORL,37.7,84.2,0.448,6.2,18.7,0.329,12.5,16.6,0.755,10.9,31.9,42.7,22.8,6.4,4.4,14.5,19.4,94.1
2012-13,CHO,34.4,81.1,0.425,5.7,17.1,0.335,18.9,25.1,0.75,11.2,29.1,40.3,19.4,7.2,5.8,14.1,19,93.4
2012-13,WAS,35.5,81.6,0.435,6.6,18.2,0.365,15.6,21.3,0.733,10.8,32.3,43.2,21.6,7.3,4.6,15.1,20.5,93.2
2013-14,SAC,36.9,82.5,0.447,6,18,0.333,20.7,27.3,0.759,12.1,32.4,44.5,18.9,7.2,3.9,15.2,22.5,100.5
2013-14,LAL,38.3,85.1,0.45,9.4,24.8,0.381,17,22.4,0.757,9.1,32,41,24.5,7.5,5.4,15.1,19.8,103
2013-14,LAC,39.1,82.5,0.474,8.5,24,0.352,21.2,29.1,0.73,10.5,32.5,43,24.6,8.6,4.8,13.9,21.5,107.9
2013-14,DAL,39.6,83.6,0.474,8.8,22.9,0.384,16.8,21.1,0.795,10.2,30.7,40.9,23.6,8.6,4.3,13.5,20,104.8
2013-14,OKC,39,82.7,0.471,8.1,22.4,0.361,20.2,25,0.806,10.8,33.9,44.7,21.9,8.3,6.1,15.3,22.7,106.2
2013-14,POR,39.1,87,0.45,9.4,25.3,0.372,19.1,23.5,0.815,12.5,34,46.4,23.2,5.5,4.7,13.7,19.2,106.7
2013-14,GSW,39.5,85.4,0.462,9.4,24.8,0.38,15.9,21.1,0.753,10.9,34.4,45.3,23.3,7.8,5,15.2,21.8,104.3
2013-14,PHO,38.7,83.5,0.463,9.3,25.1,0.372,18.5,24.4,0.758,11.3,31.7,43,19.1,8.4,4.6,15.3,21.9,105.2
2013-14,MIN,38.9,87.5,0.444,7.3,21.4,0.341,21.8,28.1,0.778,12.5,32.2,44.7,23.9,8.8,3.6,13.9,18.3,106.9
2013-14,NOP,37.8,82.5,0.459,5.9,15.9,0.373,18.2,23.6,0.769,11.4,30.3,41.7,21.3,7.9,6.4,13.8,22.6,99.7
2013-14,UTA,36,81.1,0.444,6.6,19.2,0.344,16.4,22,0.747,11,30.2,41.2,20.3,7,4.5,14.6,20.7,95
2013-14,DEN,38.4,85.9,0.447,8.6,23.9,0.358,19.1,26.3,0.726,12.3,33.1,45.4,22.4,7.5,5.6,15.9,23,104.4
2013-14,MEM,38.1,82,0.464,4.9,14,0.353,15.1,20.3,0.741,11.6,30.8,42.4,21.9,7.7,4.6,13.7,19.1,96.1
2013-14,SAS,40.6,83.5,0.486,8.5,21.4,0.397,15.7,20,0.785,9.3,34,43.3,25.2,7.4,5.1,14.4,18.2,105.4
2013-14,HOU,38,80.5,0.472,9.5,26.6,0.358,22.1,31.1,0.712,11.2,34.1,45.3,21.4,7.6,5.6,16.1,20.4,107.7
2013-14,BRK,35.7,77.9,0.459,8.6,23.4,0.369,18.4,24.4,0.753,8.8,29.4,38.1,20.9,8.6,3.8,14.5,21.7,98.5
2013-14,PHI,37.9,87.2,0.435,7,22.5,0.312,16.6,23.4,0.71,11.6,31.2,42.7,21.8,9.3,4,16.9,22.5,99.5
2013-14,NYK,36.9,82.2,0.449,9.3,24.9,0.372,15.5,20.4,0.761,10.6,29.7,40.3,20,7.7,4.5,13,22.1,98.6
2013-14,TOR,36.5,81.9,0.445,8.7,23.4,0.372,19.6,25.1,0.782,11.4,31.1,42.5,21.2,7,4.2,14.1,23,101.3
2013-14,MIL,36,82.2,0.438,6.7,18.9,0.353,16.8,22.5,0.747,11.8,29.3,41.1,21.5,6.6,4.9,15.1,20.9,95.5
2013-14,BOS,36.5,83.9,0.435,7,21.1,0.333,16.2,20.8,0.777,12,30.5,42.5,21,7.1,4.2,15.4,21.3,96.2
2013-14,CLE,37,84.8,0.437,7.1,20,0.356,17,22.7,0.751,12.1,32.1,44.1,21.2,7.1,3.7,14.2,20,98.2
2013-14,IND,36,80.2,0.449,6.7,18.8,0.357,18.1,23.3,0.779,10.2,34.5,44.7,20.1,6.7,5.4,15.1,20.4,96.7
2013-14,CHI,34.7,80.2,0.432,6.2,17.8,0.348,18.1,23.3,0.779,11.4,32.7,44.1,22.7,7.2,5.2,14.9,19.1,93.7
2013-14,DET,38.8,86.9,0.447,6.2,19.3,0.321,17.3,25.7,0.67,14.6,30.8,45.4,20.9,8.4,4.8,14.5,20.3,101
2013-14,MIA,38.3,76.5,0.501,8.1,22.3,0.364,17.5,23,0.76,7.6,29.2,36.9,22.5,8.9,4.5,14.8,19.5,102.2
2013-14,ATL,37.3,81.6,0.458,9.4,25.8,0.363,17,21.7,0.781,8.7,31.3,40,24.9,8.3,4,15.3,19.2,101
2013-14,ORL,36.9,82.7,0.445,6.9,19.5,0.353,15.9,20.9,0.763,9.7,32.4,42,21,7.7,4.3,14.9,20.5,96.5
2013-14,CHO,36.3,82.1,0.442,6.3,17.9,0.351,18,24.4,0.737,9.5,33.2,42.7,21.7,6.1,5.1,12.3,18.2,96.9
2013-14,WAS,38.7,84.4,0.459,7.9,20.8,0.38,15.3,20.9,0.731,10.8,31.4,42.2,23.3,8.1,4.6,14.7,20.4,100.7
2014-15,SAC,36.7,80.7,0.455,5.6,16.5,0.341,22.3,29.3,0.762,10.9,33.3,44.2,20.3,6.7,4,16.3,20.7,101.3
2014-15,LAL,37.2,85.6,0.435,6.5,18.9,0.344,17.5,23.6,0.741,11.6,32.3,43.9,20.9,7,4.5,13.2,21.2,98.5
2014-15,LAC,39.4,83.3,0.473,10.1,26.9,0.376,17.9,25.2,0.71,9.6,33.1,42.6,24.8,7.8,5,12.3,21.3,106.7
2014-15,DAL,39.7,85.8,0.463,8.9,25.4,0.352,16.9,22.5,0.752,10.5,31.8,42.3,22.5,8.1,4.5,13,20,105.2
2014-15,OKC,38.8,86.8,0.447,7.7,22.7,0.339,18.6,24.6,0.754,12.8,34.7,47.5,20.5,7.3,5.5,14.7,22.3,104
2014-15,POR,38.7,86,0.45,9.8,27.2,0.362,15.5,19.4,0.801,10.7,35.1,45.9,21.9,6.4,4.5,13.6,18.2,102.8
2014-15,GSW,41.6,87,0.478,10.8,27,0.398,16,20.8,0.768,10.4,34.3,44.7,27.4,9.3,6,14.5,19.9,110
2014-15,PHO,38.8,85.8,0.452,8.5,25,0.341,16.4,21.5,0.76,10.9,32.2,43.2,20.2,8.5,4.7,15.1,21.3,102.4
2014-15,MIN,36.4,83.2,0.438,5,14.9,0.332,20,25.7,0.776,11.6,29.3,40.9,21.6,8.1,4,15,19.2,97.8
2014-15,NOP,37.9,82.9,0.457,7.1,19.3,0.37,16.4,21.8,0.751,11.5,32,43.5,22,6.7,6.2,13.3,18.7,99.4
2014-15,UTA,35.4,79.2,0.447,7.4,21.7,0.343,17,23.5,0.721,12,31.9,44,19.9,7.6,6,15.3,19.3,95.1
2014-15,DEN,37.8,87.3,0.433,8,24.8,0.325,17.8,24.3,0.734,12.3,32.4,44.7,21.8,7.8,4.5,14.2,23,101.5
2014-15,MEM,37.8,82.5,0.458,5.2,15.2,0.339,17.6,22.8,0.773,10.4,32.1,42.6,21.7,8.5,4.2,13.3,19.1,98.3
2014-15,SAS,39.1,83.6,0.468,8.3,22.5,0.367,16.7,21.4,0.78,9.8,33.8,43.6,24.4,8,5.4,14,19.1,103.2
2014-15,HOU,37,83.3,0.444,11.4,32.7,0.348,18.6,26,0.715,11.7,32,43.7,22.2,9.5,5,16.7,22,103.9
2014-15,BRK,37.4,83,0.451,6.6,19.9,0.331,16.6,22.2,0.748,10.3,32,42.4,20.9,7,4.1,13.8,19.3,98
2014-15,PHI,33.7,82.6,0.408,8.4,26.3,0.32,16.1,23.8,0.676,11.9,30.9,42.9,20.5,9.6,5.9,17.7,21.7,92
2014-15,NYK,35.1,82,0.428,6.8,19.7,0.347,14.8,19.2,0.769,10.6,29.8,40.4,21.3,7,4.7,14.7,21.6,91.9
2014-15,TOR,37.9,83.3,0.455,8.9,25.1,0.352,19.3,24.6,0.787,10.7,30.8,41.5,20.7,7.5,4.4,12.9,20.9,104
2014-15,MIL,37.6,82,0.459,6.6,18.3,0.363,16,21.1,0.757,10.7,31.4,42.1,23.6,9.6,4.9,16.7,22.1,97.8
2014-15,BOS,38.9,87.9,0.443,8,24.6,0.327,15.4,20.5,0.754,11.1,32.7,43.8,24.5,8.2,3.6,13.8,21.2,101.4
2014-15,CLE,37.7,82.2,0.458,10.1,27.5,0.367,17.7,23.6,0.751,11.1,31.9,43,22.1,7.4,4.1,14.3,18.4,103.1
2014-15,IND,36.6,83.2,0.439,7.5,21.2,0.352,16.7,22.2,0.756,10.4,34.4,44.9,21.4,6.2,4.6,14,21.2,97.3
2014-15,CHI,36.6,82.9,0.442,7.9,22.3,0.353,19.7,25.2,0.783,11.7,34,45.7,21.7,6.3,5.8,14,18.2,100.8
2014-15,DET,37.1,85.8,0.432,8.6,24.9,0.344,15.8,22.4,0.703,12.8,32.1,44.9,21.6,7.6,4.7,13.4,19,98.5
2014-15,MIA,35.2,77.2,0.456,6.8,20.2,0.335,17.5,23.7,0.741,9.1,30,39.1,19.8,7.8,4.5,14.8,20,94.7
2014-15,ATL,38.1,81.7,0.466,10,26.2,0.38,16.5,21.2,0.778,8.7,31.8,40.6,25.7,9.1,4.6,14.2,17.8,102.5
2014-15,ORL,37.5,82.8,0.453,6.8,19.5,0.347,13.9,19.1,0.729,10,31.8,41.8,20.6,7.9,3.8,14.9,20.9,95.7
2014-15,CHO,35.5,84.5,0.42,6.1,19.1,0.318,17,22.8,0.748,10,34.1,44.1,20.2,6.1,5.5,11.9,18.2,94.2
2014-15,WAS,38.3,82.8,0.462,6.1,16.8,0.36,15.9,21.4,0.742,10.5,34.2,44.7,24,7.3,4.6,15,20.8,98.5
2015-16,SAC,40,86.4,0.464,8,22.4,0.359,18.5,25.5,0.725,10.6,33.7,44.2,24.5,8.9,4.5,16.2,20.4,106.6
2015-16,LAL,35.1,84.8,0.414,7.8,24.6,0.317,19.3,24.7,0.781,10.7,32.3,43,18,7.2,4.1,13.7,20.3,97.3
2015-16,LAC,38.3,82.4,0.465,9.7,26.7,0.364,18.2,26.2,0.692,8.8,33.3,42,22.8,8.6,5.6,13,21.3,104.5
2015-16,DAL,37.4,84.1,0.444,9.8,28.6,0.344,17.7,22.3,0.794,9.2,33.9,43.1,22.1,6.8,3.7,12.8,19.5,102.3
2015-16,OKC,41.1,86.4,0.476,8.3,23.7,0.349,19.7,25.2,0.782,13.1,35.6,48.6,23,7.4,5.9,15.9,20.6,110.2
2015-16,POR,38.6,85.9,0.45,10.5,28.5,0.37,17.4,23,0.754,11.6,33.9,45.5,21.3,6.9,4.6,14.6,21.7,105.1
2015-16,GSW,42.5,87.3,0.487,13.1,31.6,0.416,16.7,21.8,0.763,10,36.2,46.2,28.9,8.4,6.1,15.2,20.7,114.9
2015-16,PHO,37.2,85.6,0.435,9,25.8,0.348,17.5,23.2,0.751,11.5,33.3,44.8,20.7,7.7,3.8,17.2,22.7,100.9
2015-16,MIN,37.7,81.3,0.464,5.5,16.4,0.338,21.4,27,0.792,10,31.5,41.6,23.4,8,4.6,15,20.7,102.4
2015-16,NOP,38.5,85.9,0.448,8.6,23.8,0.36,17.3,22.2,0.776,9.5,33.1,42.6,22.2,7.7,4.2,13.4,20.9,102.7
2015-16,UTA,36.1,80.4,0.449,8.5,23.9,0.355,17.1,23,0.744,10.7,32.5,43.2,19,7.7,5.2,14.9,20.2,97.7
2015-16,DEN,37.7,85.4,0.442,8,23.7,0.338,18.5,24.1,0.766,11.5,33.1,44.6,22.7,7.4,4.8,14.7,21,101.9
2015-16,MEM,36.8,83.6,0.44,6.1,18.5,0.331,19.3,24.7,0.783,11.2,30.5,41.6,20.7,8.8,4.3,13.3,21.7,99.1
2015-16,SAS,40.1,82.9,0.484,7,18.5,0.375,16.4,20.4,0.803,9.4,34.5,43.9,24.5,8.3,5.9,13.1,17.5,103.5
2015-16,HOU,37.7,83.5,0.452,10.7,30.9,0.347,20.4,29.4,0.694,11.3,31.7,43.1,22.2,10,5.2,15.9,21.8,106.5
2015-16,BRK,38.2,84.4,0.453,6.5,18.4,0.352,15.7,20.7,0.757,10.5,31.9,42.4,22.3,7.6,4,14.8,18,98.6
2015-16,PHI,36.2,84,0.431,9.3,27.5,0.339,15.7,22.6,0.694,9.5,31.8,41.2,21.5,8.3,6,16.4,21.7,97.4
2015-16,NYK,36.9,84,0.439,7.4,21.5,0.346,17.2,21.4,0.805,10.4,34,44.4,20.5,5.7,5.7,13.4,19.7,98.4
2015-16,TOR,36.7,81.3,0.451,8.6,23.4,0.37,20.8,26.7,0.777,10.2,33.2,43.4,18.7,7.8,5.5,13.1,19.6,102.7
2015-16,MIL,38.4,82.2,0.467,5.4,15.6,0.345,17,22.7,0.747,10.5,31.2,41.7,23.1,8.2,5.8,15.2,20.7,99
2015-16,BOS,39.2,89.2,0.439,8.7,26.1,0.335,18.5,23.5,0.788,11.6,33.3,44.9,24.2,9.2,4.2,13.7,21.9,105.7
2015-16,CLE,38.7,84,0.46,10.7,29.6,0.362,16.3,21.7,0.748,10.6,33.9,44.5,22.7,6.7,3.9,13.6,20.3,104.3
2015-16,IND,38.3,85.2,0.45,8.1,23,0.351,17.4,22.8,0.764,10.3,33.9,44.2,21.2,9,4.8,14.9,20,102.2
2015-16,CHI,38.6,87.4,0.441,7.9,21.4,0.371,16.5,21,0.787,11.1,35.2,46.3,22.8,6,5.7,13.9,18.8,101.6
2015-16,DET,37.9,86.4,0.439,9,26.2,0.345,17.1,25.5,0.668,12.5,33.9,46.3,19.4,7,3.7,13.5,19,102
2015-16,MIA,38.4,81.7,0.47,6.1,18,0.336,17.1,23,0.744,9.8,34.3,44.1,20.8,6.7,6.5,14.1,18.3,100
2015-16,ATL,38.6,84.4,0.458,9.9,28.4,0.35,15.6,20,0.783,8.3,33.8,42.1,25.6,9.1,5.9,15,19.1,102.8
2015-16,ORL,39.5,86.8,0.455,7.8,22.2,0.35,15.2,20.1,0.757,10.3,33,43.3,23.6,8.2,5.1,14.1,20.7,102.1
2015-16,CHO,37,84.4,0.439,10.6,29.4,0.362,18.7,23.7,0.79,9,35,43.9,21.7,7.3,5.3,12.6,18.1,103.4
2015-16,WAS,39.5,85.8,0.46,8.6,24.2,0.358,16.5,22.5,0.73,9.1,32.8,41.8,24.5,8.6,3.9,14.5,20.8,104.1
2016-17,SAC,37.9,82.1,0.461,9,23.9,0.376,18.1,23.3,0.775,8.7,32.3,41.1,22.5,7.6,4,14.6,20.3,102.8
2016-17,LAL,39.3,87.4,0.45,8.9,25.7,0.346,17,22.6,0.754,11.4,32.1,43.5,20.9,8.2,3.9,15.2,20.7,104.6
2016-17,LAC,39.5,83.2,0.475,10.3,27.4,0.375,19.3,26,0.745,9,34,43,22.5,7.5,4.2,13,19.8,108.7
2016-17,DAL,36.2,82.3,0.44,10.7,30.2,0.355,14.8,18.5,0.801,7.9,30.7,38.6,20.8,7.5,3.7,11.9,19.1,97.9
2016-17,OKC,39.5,87.4,0.452,8.4,25.8,0.327,19.2,25.8,0.745,12.2,34.4,46.6,21,7.9,5,15,20.9,106.6
2016-17,POR,39.5,86.1,0.459,10.4,27.7,0.375,18.5,23.7,0.78,10.1,33.5,43.7,21.1,7,5,13.7,21.2,107.9
2016-17,GSW,43.1,87.1,0.495,12,31.2,0.383,17.8,22.6,0.788,9.4,35,44.4,30.4,9.6,6.8,14.8,19.3,115.9
2016-17,PHO,39.9,88.5,0.45,7.5,22.6,0.332,20.4,26.3,0.776,11.9,33.1,45,19.6,8.2,4.9,15.4,24.8,107.7
2016-17,MIN,39.5,84.4,0.467,7.3,21,0.349,19.3,24.2,0.799,11.4,31,42.4,23.7,8,4.5,14,20.1,105.6
2016-17,NOP,39.1,87,0.45,9.4,26.8,0.35,16.7,22.3,0.75,8.6,35.1,43.7,22.8,7.8,5.5,12.9,18.2,104.3
2016-17,UTA,37,79.5,0.466,9.6,26,0.372,17.1,22.9,0.747,9.4,33.8,43.2,20.1,6.7,5,13.6,18.8,100.7
2016-17,DEN,41.2,87.7,0.469,10.6,28.8,0.368,18.7,24.2,0.774,11.8,34.6,46.4,25.3,6.9,3.9,15,19.1,111.7
2016-17,MEM,36.4,83.6,0.435,9.4,26.5,0.354,18.3,23.4,0.784,10.8,32,42.8,21.3,8,4.2,12.9,22.4,100.5
2016-17,SAS,39.3,83.7,0.469,9.2,23.5,0.391,17.6,22,0.797,10,33.9,43.9,23.8,8,5.9,13.4,18.3,105.3
2016-17,HOU,40.3,87.2,0.462,14.4,40.3,0.357,20.3,26.5,0.766,10.9,33.5,44.4,25.2,8.2,4.3,15.1,19.9,115.3
2016-17,BRK,37.8,85.2,0.444,10.7,31.6,0.338,19.4,24.6,0.788,8.8,35.1,43.9,21.4,7.2,4.7,16.5,21,105.8
2016-17,PHI,37.7,85.3,0.442,10.1,29.8,0.34,17,22,0.771,9.8,33,42.8,23.8,8.4,5.1,16.7,21.9,102.4
2016-17,NYK,39.6,88.5,0.447,8.6,24.7,0.348,16.6,21.1,0.788,12,33.2,45.2,21.8,7.1,5.5,13.9,20.3,104.3
2016-17,TOR,39.2,84.4,0.464,8.8,24.3,0.363,19.7,24.7,0.796,10.6,32.6,43.3,18.5,8.3,4.9,12.7,20.8,106.9
2016-17,MIL,38.8,81.9,0.474,8.8,23.7,0.37,17.2,22.4,0.768,8.8,31.6,40.4,24.2,8.1,5.3,14,20.2,103.6
2016-17,BOS,38.6,85.1,0.454,12,33.4,0.359,18.7,23.2,0.807,9.1,32.9,42,25.2,7.5,4.1,13.3,20.6,108
2016-17,CLE,39.9,84.9,0.47,13,33.9,0.384,17.5,23.3,0.748,9.3,34.4,43.7,22.7,6.6,4,13.7,18.1,110.3
2016-17,IND,39.3,84.5,0.465,8.6,23,0.376,17.9,22.1,0.81,9,33,42,22.5,8.2,5,13.8,19.5,105.1
2016-17,CHI,38.6,87.1,0.444,7.6,22.3,0.34,18,22.5,0.798,12.2,34.1,46.3,22.6,7.8,4.8,13.6,17.7,102.9
2016-17,DET,39.9,88.8,0.449,7.7,23.4,0.33,13.9,19.3,0.719,11.1,34.6,45.7,21.1,7,3.8,11.9,17.9,101.3
2016-17,MIA,39,85.8,0.455,9.9,27,0.365,15.2,21.6,0.706,10.6,33,43.6,21.2,7.2,5.7,13.4,20.5,103.2
2016-17,ATL,38.1,84.4,0.451,8.9,26.1,0.341,18.1,24.9,0.728,10.3,34.1,44.3,23.6,8.2,4.8,15.8,18.2,103.2
2016-17,ORL,38.3,87,0.44,8.5,26.1,0.328,16,21.4,0.747,9.8,33.3,43.2,22.2,7.1,4.8,13.3,19.3,101.1
2016-17,CHO,37.7,85.4,0.442,10,28.6,0.351,19.4,23.8,0.815,8.8,34.8,43.6,23.1,7,4.8,11.5,16.6,104.9
2016-17,WAS,41.3,87,0.475,9.2,24.8,0.372,17.3,22.1,0.784,10.3,32.6,42.9,23.9,8.5,4.1,14.2,21.3,109.2
2017-18,SAC,38.8,86.1,0.45,9,24,0.375,12.3,16.7,0.735,9.5,31.4,40.9,21.6,7.8,4.1,13.7,20,98.8
2017-18,LAL,40.7,88.4,0.461,10,29.1,0.345,16.6,23.3,0.714,10.7,35.7,46.4,23.8,7.7,4.7,15.8,21.2,108.1
2017-18,LAC,40.3,85.4,0.471,9.5,26.8,0.354,19,25.5,0.743,10.1,33.7,43.9,22.3,7.7,4.5,14.7,20,109
2017-18,DAL,38.1,85.9,0.444,11.8,32.8,0.36,14.2,18.7,0.763,8.1,33.1,41.3,22.7,7,3.8,12.3,19.2,102.3
2017-18,OKC,39.9,88.1,0.453,10.7,30.4,0.354,17.3,24.2,0.716,12.5,32.6,45.1,21.3,9.1,5,14,20.2,107.9
2017-18,POR,39.3,87,0.452,10.3,28.1,0.366,16.7,20.9,0.8,10.2,35.3,45.5,19.5,7,5.2,13.5,19.5,105.6
2017-18,GSW,42.8,85.1,0.503,11.3,28.9,0.391,16.6,20.3,0.815,8.4,35.1,43.5,29.3,8,7.5,15.5,19.6,113.5
2017-18,PHO,38.5,87.1,0.442,9.3,27.9,0.334,17.7,23.9,0.741,10.3,33.9,44.1,21.3,6.9,4.5,15.7,22,103.9
2017-18,MIN,41,86.1,0.476,8,22.5,0.357,19.4,24.1,0.804,10.3,31.6,42,22.7,8.4,4.2,12.5,18.2,109.5
2017-18,NOP,42.7,88.3,0.483,10.2,28.2,0.362,16.1,20.9,0.772,8.7,35.7,44.3,26.8,8,5.9,14.9,19.1,111.7
2017-18,UTA,38.3,82.9,0.462,10.8,29.6,0.366,16.8,21.5,0.779,9,34.2,43.3,22.4,8.6,5.1,14.7,19.6,104.1
2017-18,DEN,40.7,86.6,0.47,11.5,30.9,0.371,17.1,22.3,0.767,11,33.5,44.5,25.1,7.6,4.9,15,18.7,110
2017-18,MEM,36.7,82.8,0.444,9.2,26.2,0.352,16.6,21.1,0.786,9.5,31,40.5,21.5,7.5,4.8,15,23.2,99.3
2017-18,SAS,39,85.4,0.457,8.5,24.1,0.352,16.1,20.9,0.772,10.4,33.9,44.2,22.8,7.7,5.6,13.1,17.2,102.7
2017-18,HOU,38.7,84.2,0.46,15.3,42.3,0.362,19.6,25.1,0.781,9,34.5,43.5,21.5,8.5,4.8,13.8,19.5,112.4
2017-18,BRK,38.2,86.8,0.441,12.7,35.7,0.356,17.4,22.6,0.772,9.7,34.8,44.4,23.7,6.2,4.8,15.2,20.6,106.6
2017-18,PHI,40.8,86.6,0.472,11,29.8,0.369,17.1,22.8,0.752,10.9,36.5,47.4,27.1,8.3,5.1,16.5,22.1,109.8
2017-18,NYK,40.7,87.7,0.464,8.2,23.3,0.352,14.9,19,0.787,10.5,33.6,44,23.3,6.7,5.1,14.7,20.5,104.5
2017-18,TOR,41.3,87.4,0.472,11.8,33,0.358,17.3,21.8,0.794,9.8,34.2,44,24.3,7.6,6.1,13.4,21.7,111.7
2017-18,MIL,39.7,83,0.478,8.8,24.7,0.355,18.3,23.4,0.783,8.4,31.5,39.8,23.2,8.8,5.4,13.8,21.4,106.5
2017-18,BOS,38.3,85.1,0.45,11.5,30.4,0.377,16,20.7,0.771,9.4,35.1,44.5,22.5,7.4,4.5,14,19.7,104
2017-18,CLE,40.4,84.8,0.476,12,32.1,0.372,18.1,23.3,0.779,8.5,33.7,42.1,23.4,7.1,3.8,13.7,18.6,110.9
2017-18,IND,40.8,86.4,0.472,9,24.5,0.369,14.9,19.2,0.779,9.6,32.7,42.3,22.2,8.8,4.1,13.3,18.8,105.6
2017-18,CHI,38.7,88.8,0.435,11,31.1,0.355,14.6,19.2,0.759,9.6,35,44.7,23.5,7.6,3.5,14,19.2,102.9
2017-18,DET,39.1,86.9,0.45,10.8,28.9,0.373,14.7,19.8,0.745,10.1,33.6,43.7,22.8,7.7,3.9,13.5,18.4,103.8
2017-18,MIA,38.8,85.3,0.455,11,30.6,0.36,14.7,19.5,0.755,9.3,34.2,43.5,22.7,7.6,5.3,14.4,20.1,103.4
2017-18,ATL,38.2,85.5,0.446,11.2,31,0.36,15.8,20.2,0.785,9.1,32.8,41.9,23.7,7.8,4.2,15.6,19.6,103.4
2017-18,ORL,38.8,85.9,0.452,10.3,29.3,0.351,15.5,20.5,0.757,8.8,32.8,41.6,23.4,7.6,4.9,14.5,19.3,103.4
2017-18,CHO,39,86.7,0.45,10,27.2,0.369,20.2,27,0.747,10.1,35.4,45.5,21.6,6.8,4.5,12.7,17.2,108.2
2017-18,WAS,39.9,85.6,0.467,9.9,26.5,0.375,16.8,21.8,0.772,10,33.1,43.1,25.2,7.9,4.3,14.6,21.3,106.6
2018-19,SAC,43.2,93.1,0.464,11.3,29.9,0.378,16.5,22.7,0.726,11,34.4,45.4,25.4,8.3,4.4,13.4,21.4,114.2
2018-19,LAL,42.6,90.5,0.47,10.3,31,0.333,16.3,23.3,0.699,10.2,36.4,46.6,25.6,7.5,5.4,15.7,20.7,111.8
2018-19,LAC,41.3,87.5,0.471,10,25.8,0.388,22.6,28.5,0.792,9.7,35.8,45.5,24,6.8,4.7,14.5,23.3,115.1
2018-19,DAL,38.8,86.9,0.447,12.5,36.6,0.34,18.8,25.3,0.742,10.1,35.2,45.3,23.4,6.5,4.3,14.2,20.1,108.9
2018-19,OKC,42.6,94,0.454,11.4,32.6,0.348,17.8,25,0.713,12.6,35.5,48.1,23.4,9.3,5.2,14,22.4,114.5
2018-19,POR,42.3,90.6,0.467,11,30.7,0.359,19,23.3,0.814,11.8,36.2,48,23,6.7,5,13.8,20.4,114.7
2018-19,GSW,44,89.8,0.491,13.3,34.4,0.385,16.3,20.4,0.801,9.7,36.5,46.2,29.4,7.6,6.4,14.3,21.4,117.7
2018-19,PHO,40.1,87.4,0.459,9.6,29.3,0.329,17.6,22.7,0.779,9.1,31.3,40.4,23.9,9,5.1,15.6,23.6,107.5
2018-19,MIN,41.6,91.3,0.456,10.1,28.7,0.351,19.1,24.3,0.787,11.3,33.5,44.8,24.6,8.3,5,13.1,20.3,112.5
2018-19,NOP,43.7,92.2,0.473,10.3,29.9,0.344,17.8,23.4,0.761,11.1,36.2,47.3,27,7.4,5.4,14.8,21.1,115.4
2018-19,UTA,40.4,86.4,0.468,12.1,34,0.356,18.8,25.5,0.736,10,36.4,46.4,26,8.1,5.9,15.1,21.1,111.7
2018-19,DEN,41.9,90,0.466,11,31.4,0.351,15.8,20.9,0.755,11.9,34.5,46.4,27.4,7.7,4.4,13.4,20,110.7
2018-19,MEM,38,84.4,0.45,9.9,28.9,0.342,17.7,23,0.772,8.8,33,41.8,23.9,8.3,5.5,14,22,103.5
2018-19,SAS,42.3,88.4,0.478,9.9,25.3,0.392,17.2,21,0.819,9.2,35.5,44.7,24.5,6.1,4.7,12.1,18.1,111.7
2018-19,HOU,39.2,87.4,0.449,16.1,45.4,0.356,19.3,24.4,0.791,10.2,31.9,42.1,21.2,8.5,4.9,13.3,22,113.9
2018-19,BRK,40.3,89.7,0.449,12.8,36.2,0.353,19,25.5,0.745,11,35.6,46.6,23.8,6.6,4.1,15.1,21.5,112.2
2018-19,PHI,41.5,88.2,0.471,10.8,30.2,0.359,21.2,27.5,0.771,10.9,36.9,47.8,26.9,7.4,5.3,14.9,21.3,115.2
2018-19,NYK,38.2,88.3,0.433,10,29.5,0.34,18.1,23.9,0.759,10.5,34.3,44.7,20.1,6.8,5.1,14,20.9,104.6
2018-19,TOR,42.2,89.1,0.474,12.4,33.8,0.366,17.7,22,0.804,9.6,35.6,45.2,25.4,8.3,5.3,14,21,114.4
2018-19,MIL,43.4,91.1,0.476,13.5,38.2,0.353,17.9,23.2,0.773,9.3,40.4,49.7,26,7.5,5.9,13.9,19.6,118.1
2018-19,BOS,42.1,90.5,0.465,12.6,34.5,0.365,15.6,19.5,0.802,9.8,34.7,44.5,26.3,8.6,5.3,12.8,20.4,112.4
2018-19,CLE,38.9,87.6,0.444,10.3,29.1,0.355,16.4,20.7,0.792,10.7,31.9,42.7,20.7,6.5,2.4,13.5,20,104.5
2018-19,IND,41.3,87,0.475,9.5,25.4,0.374,15.8,21.1,0.752,9.3,33.7,43,26,8.7,4.9,13.7,19.4,108
2018-19,CHI,39.8,87.9,0.453,9.1,25.9,0.351,16.2,20.7,0.783,8.8,34.1,42.9,21.9,7.4,4.3,14.1,20.3,104.9
2018-19,DET,38.8,88.3,0.44,12.1,34.8,0.348,17.3,23.1,0.747,11.4,33.6,45,22.5,6.9,4,13.8,22.1,107
2018-19,MIA,39.6,88,0.45,11.3,32.4,0.349,15.1,21.7,0.695,11.2,35.1,46.3,24.3,7.6,5.5,14.7,20.9,105.7
2018-19,ATL,41.4,91.8,0.451,13,37,0.352,17.6,23.4,0.752,11.6,34.5,46.1,25.8,8.2,5.1,17,23.6,113.3
2018-19,ORL,40.4,89.1,0.454,11.4,32.1,0.356,15,19.2,0.782,10,35.4,45.4,25.5,6.6,5.4,13.2,18.6,107.3
2018-19,CHO,40.2,89.8,0.448,11.9,33.9,0.351,18.4,23.1,0.797,9.9,33.9,43.8,23.2,7.2,4.9,12.2,18.9,110.7
2018-19,WAS,42.1,90.1,0.468,11.3,33.3,0.341,18.4,23.9,0.768,9.7,32.7,42.4,26.3,8.3,4.6,14.1,20.7,114
2019-20,SAC,40.9,88.4,0.462,12.7,34.9,0.364,15.7,20.3,0.77,9.7,32.9,42.6,23.8,7.7,4.1,14.5,22.2,110.1
2019-20,LAL,42.3,88.3,0.48,11,31.6,0.349,17.7,24.3,0.729,10.7,35.1,45.7,25.4,8.6,6.6,15.2,20.7,113.4
2019-20,LAC,41.6,89.2,0.466,12.4,33.5,0.371,20.8,26.3,0.791,10.7,37,47.7,23.7,7.1,4.7,14.6,22.1,116.3
2019-20,DAL,41.7,90.3,0.461,15.1,41.3,0.367,18.6,23.8,0.779,10.5,36.4,46.9,24.7,6.1,4.8,12.7,19.5,117
2019-20,OKC,40,85.5,0.468,10.7,30.2,0.355,19.8,24.8,0.796,8.2,34.7,42.9,21.7,7.6,4.9,13.7,19.3,110.4
2019-20,POR,42.2,91.2,0.463,12.9,34.1,0.377,17.7,22.1,0.804,10.2,35.1,45.3,20.6,6.3,6.1,12.8,21.7,115
2019-20,GSW,38.6,88.2,0.438,10.4,31.3,0.334,18.7,23.2,0.803,10,32.9,42.8,25.6,8.2,4.6,14.9,20.1,106.3
2019-20,PHO,41.2,88.1,0.468,11.4,31.8,0.358,19.9,23.8,0.834,9.8,33.8,43.5,27.2,7.7,4,14.8,22,113.6
2019-20,MIN,40.4,91.6,0.441,13.3,39.7,0.336,19.1,25.4,0.753,10.5,34.3,44.8,23.8,8.7,5.7,15.3,21.4,113.3
2019-20,NOP,42.6,91.6,0.465,13.6,36.9,0.37,17.1,23.4,0.729,11.1,35.4,46.5,26.8,7.5,5,16.4,21.2,115.8
2019-20,UTA,40.1,85.1,0.471,13.4,35.2,0.38,17.8,22.8,0.779,9.1,35.8,44.9,22.4,6.1,4.1,15.1,20.4,111.3
2019-20,DEN,42,88.9,0.473,11,30.6,0.359,16.2,20.9,0.777,10.8,33.4,44.1,26.7,8,4.6,13.8,20.3,111.3
2019-20,MEM,42.5,90.9,0.468,10.9,31.5,0.347,16.6,21.8,0.763,10.3,36.2,46.5,26.9,7.9,5.5,15.2,21.2,112.6
2019-20,SAS,42.2,89.4,0.472,10.7,28.5,0.376,19,23.4,0.81,9,35.6,44.6,24.7,7.3,5.5,12.6,19.4,114.1
2019-20,HOU,40.8,90.4,0.451,15.6,45.3,0.345,20.6,26.1,0.791,9.8,34.5,44.3,21.6,8.7,5.2,14.7,21.8,117.8
2019-20,BRK,40.4,90.3,0.448,13.1,38.1,0.343,17.9,24.1,0.745,10.6,37.3,47.9,24.5,6.4,4.5,15.3,21,111.8
2019-20,PHI,41.1,87.9,0.468,11.6,31.6,0.368,16.9,22.4,0.755,10.5,35,45.4,25.8,8,5.3,14.2,20.9,110.7
2019-20,NYK,40,89.3,0.447,9.6,28.4,0.337,16.3,23.5,0.694,12,34.5,46.5,22.1,7.6,4.7,14.3,22.2,105.8
2019-20,TOR,40.2,87.9,0.458,13.8,37,0.374,18.5,23.2,0.796,9.5,35.9,45.4,25.2,8.8,5,14.8,21.7,112.8
2019-20,MIL,43.3,90.9,0.476,13.8,38.9,0.355,18.3,24.7,0.742,9.5,42.2,51.7,25.9,7.2,5.9,15.1,19.6,118.7
2019-20,BOS,41.3,89.6,0.461,12.6,34.5,0.364,18.6,23.2,0.801,10.7,35.4,46.1,23,8.3,5.6,13.8,21.6,113.7
2019-20,CLE,40.3,87.9,0.458,11.2,31.8,0.351,15.1,19.9,0.758,10.8,33.4,44.2,23.1,6.9,3.2,16.5,18.3,106.9
2019-20,IND,42.1,88.5,0.476,10.2,28,0.363,15,19.1,0.787,8.7,34.1,42.8,25.9,7.4,5.2,13.2,19.8,109.4
2019-20,CHI,39.6,88.6,0.447,12.2,35.1,0.348,15.5,20.5,0.755,10.5,31.4,41.9,23.2,10,4.1,15.5,21.8,106.8
2019-20,DET,39.3,85.7,0.459,12,32.7,0.367,16.6,22.4,0.743,9.8,32,41.7,24.1,7.4,4.5,15.3,19.7,107.2
2019-20,MIA,39.5,84.4,0.468,13.4,35.4,0.379,19.7,25.2,0.783,8.5,35.9,44.4,25.9,7.5,4.5,14.9,20.6,112
2019-20,ATL,40.6,90.6,0.449,12,36.1,0.333,18.5,23.4,0.79,9.9,33.4,43.3,24,7.8,5.1,16.2,23.1,111.8
2019-20,ORL,39.3,88.6,0.444,11.1,32.2,0.343,17.6,22.7,0.774,10.3,34.2,44.5,23.9,8.2,5.4,12.8,18.3,107.3
2019-20,CHO,37.3,85.9,0.434,12.1,34.3,0.352,16.2,21.6,0.748,11,31.8,42.8,23.8,6.6,4.1,14.6,18.8,102.9
2019-20,WAS,41.5,90.9,0.457,12,32.6,0.368,19.4,24.6,0.788,10.2,31.9,42,25,8,4.3,14.2,22.7,114.4
2020-21,SAC,42.6,88.6,0.481,12.1,33.3,0.364,16.4,22,0.745,9.4,32,41.4,25.5,7.5,5,13.4,19.4,113.7
2020-21,LAL,40.6,86.1,0.472,11.1,31.2,0.354,17.2,23.3,0.739,9.7,34.6,44.2,24.7,7.8,5.4,15.2,19.1,109.5
2020-21,LAC,41.8,86.7,0.482,14.3,34.7,0.411,16.2,19.3,0.839,9.4,34.7,44.2,24.4,7.1,4.1,13.2,19.2,114
2020-21,DAL,41.1,87.3,0.47,13.8,38.1,0.362,16.5,21.2,0.778,9.1,34.2,43.3,22.9,6.3,4.3,12.1,19.4,112.4
2020-21,OKC,38.8,88,0.441,11.9,35.1,0.339,15.5,21.3,0.725,9.9,35.7,45.6,22.1,7,4.4,16.1,18.1,105
2020-21,POR,41.3,91.1,0.453,15.7,40.8,0.385,17.8,21.6,0.823,10.6,33.9,44.5,21.3,6.9,5,11.1,18.9,116.1
2020-21,GSW,41.3,88.2,0.468,14.6,38.7,0.376,16.6,21.1,0.785,8,35.1,43,27.7,8.2,4.8,15,21.2,113.7
2020-21,PHO,43.3,88.3,0.49,13.1,34.6,0.378,15.6,18.7,0.834,8.8,34.2,42.9,26.9,7.2,4.3,12.5,19.1,115.3
2020-21,MIN,40.7,90.9,0.448,13.1,37.6,0.349,17.6,23.1,0.761,10.5,33,43.5,25.6,8.8,5.5,14.3,20.9,112.1
2020-21,NOP,42.5,89.1,0.477,10.6,30.4,0.348,19,26.1,0.729,11.7,35.7,47.4,26,7.6,4.4,14.6,18,114.6
2020-21,UTA,41.3,88.1,0.468,16.7,43,0.389,17.2,21.5,0.799,10.6,37.6,48.3,23.7,6.6,5.2,14.2,18.5,116.4
2020-21,DEN,43.3,89.2,0.485,12.9,34.2,0.377,15.7,19.5,0.803,10.5,33.9,44.4,26.8,8.1,4.5,13.5,19.1,115.1
2020-21,MEM,42.8,91.8,0.467,11.2,31.4,0.356,16.4,21.3,0.771,11.2,35.3,46.5,26.9,9.1,5.1,13.3,18.7,113.3
2020-21,SAS,41.9,90.5,0.462,9.9,28.4,0.35,17.4,22,0.792,9.3,34.6,43.9,24.4,7,5.1,11.4,18,111.1
2020-21,HOU,39.3,88.5,0.444,13.8,40.6,0.339,16.5,22.3,0.74,9.3,33.3,42.6,23.6,7.6,5,14.7,19.5,108.8
2020-21,BRK,43.1,87.3,0.494,14.2,36.1,0.392,18.1,22.5,0.804,8.9,35.5,44.4,26.8,6.7,5.3,13.5,19,118.6
2020-21,PHI,41.4,86.9,0.476,11.3,30.1,0.374,19.6,25.5,0.767,10,35,45.1,23.7,9.1,6.2,14.4,20.2,113.6
2020-21,NYK,39.4,86.5,0.456,11.8,30,0.392,16.4,20.9,0.784,9.7,35.5,45.1,21.4,7,5.1,12.9,20.5,107
2020-21,TOR,39.7,88.7,0.448,14.5,39.3,0.368,17.4,21.3,0.815,9.4,32.1,41.6,24.1,8.6,5.4,13.2,21.2,111.3
2020-21,MIL,44.7,91.8,0.487,14.4,37.1,0.389,16.2,21.4,0.76,10.3,37.8,48.1,25.5,8.1,4.6,13.8,17.3,120.1
2020-21,BOS,41.5,88.9,0.466,13.6,36.4,0.374,16.1,20.8,0.775,10.6,33.6,44.3,23.5,7.7,5.3,14.1,20.4,112.6
2020-21,CLE,38.6,85.8,0.45,10,29.7,0.336,16.7,22.4,0.743,10.4,32.3,42.8,23.8,7.8,4.5,15.5,18.2,103.8
2020-21,IND,43.3,91.2,0.474,12.3,34,0.364,16.4,20.7,0.792,9,33.7,42.7,27.4,8.5,6.4,13.5,20.2,115.3
2020-21,CHI,42.2,88.6,0.476,12.6,34,0.37,13.8,17.5,0.791,9.6,35.3,45,26.8,6.7,4.2,15.1,18.9,110.7
2020-21,DET,38.7,85.6,0.452,11.6,32.9,0.351,17.8,23.4,0.759,9.6,33.1,42.7,24.2,7.4,5.2,14.9,20.5,106.6
2020-21,MIA,39.2,83.7,0.468,12.9,36.2,0.358,16.7,21.1,0.79,8,33.5,41.5,26.3,7.9,4,14.1,18.9,108.1
2020-21,ATL,40.8,87.2,0.468,12.4,33.4,0.373,19.7,24.2,0.812,10.6,35.1,45.6,24.1,7,4.8,13.2,19.3,113.7
2020-21,ORL,38.3,89.2,0.429,10.9,31.8,0.343,16.6,21.4,0.775,10.4,35.1,45.4,21.8,6.9,4.4,12.8,17.2,104
2020-21,CHO,39.9,87.8,0.455,13.7,37,0.369,15.9,20.9,0.761,10.6,33.2,43.8,26.8,7.8,4.8,14.8,18,109.5
2020-21,WAS,43.2,90.9,0.475,10.2,29,0.351,20.1,26.2,0.769,9.7,35.5,45.2,25.5,7.3,4.1,14.4,21.6,116.6
2021-22,SAC,40.5,88.1,0.46,11.4,33.2,0.344,17.9,23.3,0.768,9.6,33.4,42.9,23.7,7.2,4.5,14.1,18.9,110.3
2021-22,LAL,41.6,88.8,0.469,12,34.5,0.347,16.8,23,0.732,9.5,34.5,44,24,7.6,5.2,14.5,20.2,112.1
2021-22,LAC,40.1,87.4,0.458,12.8,34.2,0.374,15.5,19.6,0.793,9.1,34.9,44,24,7.4,5,13.7,18.6,108.4
2021-22,DAL,39.3,85.1,0.461,13.1,37.4,0.35,16.4,21.2,0.771,9.3,33.8,43,23.4,6.7,4,12.5,19.7,108
2021-22,OKC,38.3,89.1,0.43,12.1,37.4,0.323,15,19.9,0.756,10.4,35.2,45.6,22.2,7.6,4.6,14,18.3,103.7
2021-22,POR,38.5,87.1,0.442,12.7,36.8,0.346,16.4,21.6,0.76,10.4,32.5,42.9,22.9,8,4.5,14.5,21.1,106.2
2021-22,GSW,40.5,86.4,0.469,14.3,39.4,0.364,15.6,20.3,0.769,9.8,35.7,45.5,27.1,8.8,4.5,14.9,21,111
2021-22,PHO,43.7,90.1,0.485,11.6,31.9,0.364,15.9,19.9,0.797,9.8,35.5,45.3,27.4,8.6,4.4,12.9,19.9,114.8
2021-22,MIN,41.6,91,0.457,14.8,41.3,0.358,18,23.1,0.778,11.2,32.9,44.2,25.7,8.8,5.6,14.3,21.8,115.9
2021-22,NOP,40.2,88,0.457,10.6,32.1,0.332,18.3,23.2,0.789,12,33.2,45.2,25,8.3,4,14.1,19.7,109.3
2021-22,UTA,40.6,86.2,0.471,14.5,40.3,0.36,17.9,23.4,0.767,10.8,35.6,46.3,22.4,7.2,4.9,14,18.9,113.6
2021-22,DEN,41.7,86.3,0.483,12.7,35.9,0.353,16.7,21,0.795,9.2,34.9,44.1,27.8,7.2,3.7,14.5,20,112.7
2021-22,MEM,43.5,94.4,0.461,11.5,32.7,0.353,17,23.1,0.734,14.1,35,49.2,26,9.8,6.5,13.2,19.8,115.6
2021-22,SAS,43.2,92.7,0.467,11.3,32,0.352,15.4,20.4,0.754,11,34.3,45.3,27.9,7.6,4.9,12.7,18.1,113.2
2021-22,HOU,39.4,86.4,0.456,13.5,38.7,0.349,17.5,24.5,0.713,9.6,32.4,42,23.6,7.3,4.7,16.5,20.6,109.7
2021-22,BRK,42,88.4,0.475,11.5,31.7,0.361,17.5,21.7,0.805,10.3,34.1,44.4,25.3,7.1,5.5,14.1,20.4,112.9
2021-22,PHI,39.4,84.5,0.466,11.6,31.8,0.364,19.6,23.8,0.821,8.5,33.8,42.3,23.7,7.7,5.3,12.5,19.4,109.9
2021-22,NYK,37.7,86.2,0.437,13.2,36.9,0.357,18,24.1,0.744,11.5,34.6,46.1,21.9,7,4.9,13.3,20.4,106.5
2021-22,TOR,40.6,91.3,0.445,11.9,34.2,0.349,16.2,21.3,0.759,13.4,32,45.3,22.1,9,4.6,12.5,19.6,109.4
2021-22,MIL,41.8,89.4,0.468,14.1,38.4,0.366,17.8,22.9,0.776,10.2,36.5,46.7,23.9,7.6,4,13.4,18.2,115.5
2021-22,BOS,40.7,87.4,0.466,13.2,37.1,0.356,17,20.9,0.816,10.5,35.5,46.1,24.8,7.2,5.8,13.6,18.5,111.8
2021-22,CLE,39.7,84.6,0.469,11.6,32.8,0.355,16.8,22.1,0.76,10.2,34,44.2,25.2,7.1,4.2,14.4,17.5,107.8
2021-22,IND,41.4,89.5,0.463,12.2,35.4,0.344,16.4,21.4,0.768,11.3,32.6,43.9,25.4,7.1,5.6,14.4,20.4,111.5
2021-22,CHI,41.7,86.9,0.48,10.6,28.8,0.369,17.5,21.5,0.813,8.7,33.7,42.3,23.9,7.1,4.1,12.8,18.8,111.6
2021-22,DET,38.2,88.6,0.431,11.3,34.6,0.326,17.2,22,0.782,11,32,43,23.5,7.7,4.8,14.2,21.9,104.8
2021-22,MIA,39.6,84.8,0.467,13.6,35.8,0.379,17.3,21.4,0.808,9.8,33.9,43.7,25.5,7.4,3.2,14.6,20.5,110
2021-22,ATL,41.5,88.3,0.47,12.9,34.4,0.374,18.1,22.3,0.812,10,33.9,44,24.6,7.2,4.2,11.9,18.7,113.9
2021-22,ORL,38.3,88.3,0.434,12.2,36.9,0.331,15.5,19.7,0.787,9.1,35.2,44.3,23.7,6.8,4.5,14.5,19.7,104.2
2021-22,CHO,42.8,91.4,0.468,13.9,38.2,0.365,15.8,21.4,0.74,10.8,33.7,44.6,28.1,8.6,4.9,13.3,19.9,115.3
2021-22,WAS,40.6,86,0.472,10.5,30.6,0.342,17,21.7,0.783,9,34.1,43.1,25,6.4,5,13.1,18.8,108.6